course_index,user_index,rating
8,0,5
8,1,5
8,2,5
8,3,5
8,4,5
8,5,4
8,6,5
8,7,5
8,8,5
8,9,5
8,10,4
8,11,5
8,12,4
8,13,5
8,14,5
8,15,5
8,16,5
8,17,3
8,18,5
8,19,5
8,20,5
8,21,5
8,22,5
8,23,5
8,24,5
8,25,4
8,26,5
8,27,5
8,28,5
8,1,5
8,29,4
8,30,5
8,31,5
8,32,5
8,33,5
8,6,5
8,34,4
8,35,5
8,36,5
8,37,5
8,38,5
8,39,5
8,40,5
8,41,5
8,42,4
8,43,5
8,44,5
8,45,5
8,46,3
8,47,5
8,48,5
8,49,5
84,47,5
84,50,5
84,51,4
84,52,4
84,53,5
84,54,5
84,55,5
84,25,4
84,56,4
84,57,5
84,58,5
84,59,5
84,60,5
84,61,5
84,62,4
84,63,5
84,64,4
84,65,4
84,66,4
84,67,5
84,68,5
84,69,5
84,70,5
84,53,5
84,71,5
84,72,3
84,73,5
84,74,4
84,75,5
84,76,5
84,77,5
84,78,5
84,79,5
84,80,5
84,81,4
84,82,5
84,83,4
84,54,5
84,84,4
84,72,3
84,85,5
84,86,5
84,87,5
84,88,5
84,89,4
84,88,5
84,90,5
84,91,5
84,92,5
84,62,4
84,80,5
84,93,4
84,48,3
84,94,4
84,95,5
84,96,5
84,97,4
84,98,5
84,70,5
84,82,5
84,99,5
84,100,5
84,101,5
84,102,5
84,103,5
84,104,5
84,99,5
84,105,5
84,85,5
84,106,5
84,107,5
84,108,4
84,50,5
84,109,5
84,110,4
84,71,5
84,111,5
84,112,5
84,113,5
84,114,5
84,79,5
84,115,5
84,116,5
84,117,4
84,118,5
84,119,5
84,120,5
52,121,5
52,122,5
52,123,5
52,124,5
52,125,5
52,126,5
52,127,5
52,125,5
52,128,5
52,122,5
52,129,5
52,130,4
52,131,5
52,132,5
52,133,5
52,134,5
52,122,5
52,135,5
52,136,5
52,137,4
52,138,4
52,139,5
52,140,5
52,141,5
52,135,5
52,142,5
52,143,5
52,144,5
52,145,4
52,146,5
52,147,5
52,135,5
52,131,5
52,148,3
52,149,5
52,150,5
52,148,3
52,151,5
52,152,5
52,125,5
52,153,5
52,154,5
52,64,4
52,155,5
52,156,4
52,157,5
52,158,5
52,159,5
52,124,5
52,127,5
52,160,5
52,161,5
52,162,4
52,163,4
52,164,5
52,165,5
52,159,5
52,166,4
52,167,5
52,158,5
52,132,5
52,147,5
52,168,5
52,148,3
52,167,5
52,145,4
52,169,5
52,170,5
52,171,5
52,131,5
52,166,4
52,172,5
52,173,2
52,174,5
52,154,5
52,129,5
52,155,5
52,175,5
52,26,5
52,132,5
52,140,5
52,176,1
52,125,5
52,145,4
52,123,5
52,177,5
52,178,5
52,179,5
52,180,5
52,181,5
52,182,5
52,183,5
94,184,5
94,185,5
94,186,5
94,187,5
94,188,4
94,189,5
94,190,5
94,191,5
94,192,4
94,193,5
94,194,5
94,195,5
94,196,5
94,197,5
94,198,4
94,109,5
94,199,5
94,200,5
94,201,5
94,202,5
94,202,5
94,203,5
94,101,5
94,197,5
94,190,5
94,204,5
94,205,5
94,206,4
94,207,5
94,208,5
94,190,5
94,209,5
94,210,5
94,211,5
94,101,5
94,212,5
94,213,5
94,214,5
94,215,5
94,216,5
63,217,5
63,218,4
63,219,5
63,220,5
63,161,3
63,221,5
63,222,5
63,223,5
63,55,4
63,224,5
63,225,5
63,226,5
63,227,5
63,228,5
63,229,5
63,46,1
63,230,5
63,110,5
63,231,1
63,232,5
63,233,4
63,234,5
63,168,5
63,235,4
63,236,4
63,237,5
63,222,5
63,238,5
63,230,5
63,239,5
63,240,5
63,241,5
63,242,4
63,215,5
63,242,4
63,243,5
63,244,5
63,245,5
63,100,4
63,46,1
63,207,5
63,246,5
63,245,5
63,247,5
63,248,4
63,249,5
63,250,5
63,251,4
63,252,5
63,246,5
63,233,5
63,253,1
63,254,5
63,255,4
63,256,5
63,217,5
63,257,5
63,164,5
63,27,5
63,258,5
63,259,5
63,260,5
63,243,5
63,261,5
63,262,4
96,263,5
96,264,5
96,265,4
96,266,3
96,267,5
96,268,3
96,269,5
96,270,4
96,271,5
96,272,4
96,273,5
96,274,5
96,275,5
96,276,4
96,115,5
96,277,5
96,278,3
96,279,3
96,280,4
96,281,5
96,282,5
96,169,5
96,283,5
96,284,5
96,285,5
96,286,5
96,287,3
96,254,2
96,288,5
96,289,5
96,290,4
96,291,5
96,292,3
96,288,5
96,274,5
96,293,5
96,284,5
96,294,5
96,295,5
96,266,3
96,296,5
96,288,5
96,287,4
96,297,3
96,298,5
96,299,5
96,300,5
96,301,5
96,302,5
96,303,3
96,183,5
96,280,4
96,275,5
96,304,5
96,29,5
96,305,3
96,306,5
96,289,5
96,95,4
96,307,3
96,308,5
96,309,5
96,310,5
96,311,5
96,312,5
96,52,5
96,313,4
96,314,5
96,115,5
96,315,5
96,316,1
80,317,5
80,318,5
80,319,5
80,320,4
80,321,5
80,322,5
80,317,5
80,323,5
80,246,5
80,96,5
80,324,4
80,325,5
80,320,4
80,326,5
80,327,5
80,48,5
80,328,5
80,319,5
80,329,5
80,330,5
80,331,4
80,323,5
80,332,5
80,333,5
80,334,5
80,335,5
80,336,5
80,151,5
80,320,4
80,337,5
80,338,5
80,339,4
80,340,5
80,81,5
80,246,5
80,341,5
80,342,3
80,310,4
80,337,5
80,187,5
80,343,5
80,344,4
80,345,5
80,346,5
80,347,5
80,324,4
80,57,5
80,106,5
80,338,5
80,172,5
80,345,5
80,333,5
80,348,5
80,349,5
80,350,5
80,351,3
80,352,5
80,353,4
80,354,5
80,338,5
80,351,3
80,355,5
80,96,5
80,33,5
80,356,5
80,37,5
80,357,5
80,331,4
80,334,5
80,358,5
80,359,5
58,42,5
58,360,5
58,361,5
58,362,5
58,363,5
58,363,5
58,42,5
58,198,5
58,364,2
58,365,5
58,360,5
58,366,4
58,358,3
58,169,5
58,367,1
58,165,5
58,368,5
58,366,4
58,369,5
58,367,1
58,66,5
58,370,5
58,371,4
58,372,2
58,199,5
58,373,5
58,233,5
58,374,5
58,375,4
58,376,5
36,377,5
36,378,5
36,379,4
36,380,5
36,381,5
36,379,5
36,382,5
36,383,4
36,384,1
36,385,5
36,386,5
36,387,5
36,377,5
36,388,5
36,389,5
36,390,4
36,391,5
36,389,5
36,196,5
36,392,5
36,393,5
36,394,5
36,395,5
36,396,4
36,386,5
36,341,5
36,397,5
36,386,5
36,106,5
36,398,5
36,399,5
36,106,5
36,400,5
40,401,5
40,402,4
40,245,5
40,403,5
40,404,5
40,405,5
40,406,4
40,407,5
40,278,1
40,408,5
40,409,5
40,410,5
40,411,5
40,412,5
40,413,4
40,383,5
40,414,5
40,415,4
40,416,5
40,417,5
40,294,5
40,418,5
40,419,5
40,402,4
40,420,4
40,421,5
40,422,5
40,401,5
40,423,5
40,424,5
40,425,5
40,365,5
40,416,5
40,426,5
40,419,5
40,409,5
7,54,3
7,427,4
7,428,1
7,429,5
7,430,5
7,431,5
7,432,5
7,433,5
7,168,5
7,33,5
7,434,5
7,435,5
7,436,5
7,437,5
7,438,4
7,439,5
7,359,5
7,440,3
7,395,5
7,441,4
7,442,5
7,443,5
7,444,5
7,52,3
7,444,5
7,445,5
7,446,5
7,447,5
7,426,4
7,448,5
7,449,5
7,450,5
7,451,1
7,452,4
7,453,5
7,454,4
7,455,4
7,456,5
7,457,5
7,458,5
7,459,5
7,426,4
7,460,5
7,92,5
7,461,5
7,462,5
7,112,4
7,463,5
7,464,5
7,465,5
7,180,5
7,466,5
7,467,5
7,468,5
7,469,5
7,469,4
7,461,5
7,470,5
7,471,4
7,472,5
7,473,5
7,440,3
7,474,5
7,475,5
7,476,5
7,477,4
7,478,5
7,479,5
7,480,5
7,481,3
7,172,5
7,482,5
7,483,5
7,484,4
7,485,5
7,486,5
7,436,5
7,311,1
7,487,5
7,488,3
7,449,5
55,489,5
55,490,5
55,491,5
55,492,5
55,214,5
55,493,5
55,494,5
55,206,5
55,370,5
55,495,5
55,451,5
55,494,5
55,496,5
55,494,5
55,490,5
55,497,5
55,498,5
55,492,5
55,499,5
55,500,5
55,315,5
55,270,5
55,493,5
55,327,5
55,492,5
45,501,4
45,502,4
45,503,4
45,504,4
45,478,2
45,505,4
45,506,4
45,507,2
45,508,4
45,509,2
45,510,2
45,511,3
45,512,2
45,513,4
45,329,4
45,74,4
45,514,3
45,515,4
45,453,5
45,516,4
45,82,4
45,517,5
45,518,3
45,519,3
45,520,4
45,521,4
45,522,5
45,523,4
45,524,4
45,525,4
45,526,4
45,32,4
45,521,4
45,340,5
45,527,3
45,35,3
45,528,3
45,529,4
45,350,3
45,530,3
45,531,4
45,532,1
45,533,4
45,162,4
45,534,4
45,535,3
45,536,5
45,516,4
45,537,4
45,538,2
45,539,2
45,537,4
45,518,3
45,540,4
45,541,4
45,542,4
45,543,4
45,544,4
45,545,4
45,546,3
45,547,2
45,548,3
45,549,4
45,550,5
45,551,3
45,552,4
45,539,2
45,553,5
45,506,4
45,368,1
45,554,2
45,555,5
45,162,4
45,516,4
45,556,3
45,557,4
45,510,2
45,558,4
45,524,4
45,538,3
45,508,4
45,551,3
45,512,2
45,559,3
45,560,4
45,536,5
45,561,4
45,546,3
45,562,4
45,563,5
45,521,4
45,564,4
45,565,4
45,426,4
45,527,4
45,518,3
45,566,2
45,557,4
45,501,4
45,364,4
45,550,5
45,558,4
45,519,3
45,561,4
45,537,4
45,563,5
45,555,5
45,511,3
45,567,3
45,542,4
45,568,5
45,358,5
45,529,4
45,569,4
45,570,3
45,538,3
45,547,2
45,510,2
45,571,5
98,572,5
98,272,5
98,573,5
98,574,4
98,575,5
98,576,5
98,577,5
98,578,5
98,579,5
98,574,4
98,414,4
98,578,5
98,580,5
98,581,5
98,582,5
98,583,5
98,243,4
98,576,5
98,583,5
98,584,5
98,398,5
98,578,5
98,580,5
98,585,5
98,403,5
98,539,5
98,574,4
98,573,5
98,575,5
98,308,5
98,583,5
98,586,4
98,587,5
98,576,5
98,588,4
98,580,5
98,589,5
98,585,5
98,250,5
98,590,5
98,591,4
98,581,5
98,94,5
98,577,5
98,272,5
98,592,5
62,34,5
62,545,5
62,593,5
62,264,5
62,594,5
62,595,4
62,596,4
62,597,5
62,598,5
62,599,4
62,600,4
62,601,5
62,602,5
62,603,5
62,604,5
62,605,5
62,606,5
62,173,5
62,607,5
62,608,4
62,609,4
62,139,5
62,604,5
62,414,4
62,610,5
62,10,4
62,611,3
62,612,5
62,613,4
62,614,5
62,146,4
62,146,4
62,615,4
62,539,5
62,616,4
62,617,5
62,393,5
62,612,5
62,618,5
62,619,4
62,611,3
62,620,3
62,616,4
62,593,5
62,599,4
62,621,5
62,165,5
62,622,5
62,623,1
62,624,5
62,232,4
62,180,5
62,623,1
62,625,4
62,592,5
62,610,5
62,85,5
62,626,5
62,180,5
62,627,5
62,622,5
62,628,4
62,601,5
62,629,5
62,35,5
62,258,5
62,630,5
62,617,5
62,623,1
62,631,5
62,632,5
62,633,1
62,318,5
62,349,5
62,335,5
62,85,5
62,369,5
62,634,4
62,635,4
62,232,3
62,586,5
62,636,2
62,608,4
62,611,3
62,33,5
62,637,5
62,625,4
47,471,5
47,638,5
47,613,3
47,639,5
47,640,5
47,641,4
47,553,5
47,642,5
47,643,5
47,644,5
47,78,5
47,645,5
47,646,5
47,647,4
47,648,5
47,649,4
47,650,5
47,651,4
47,232,5
47,597,5
47,652,3
47,653,4
47,654,1
47,655,5
47,656,3
47,359,3
47,430,5
47,657,5
47,658,5
47,659,4
47,660,4
47,661,5
47,662,4
47,88,5
47,663,5
47,664,5
47,665,5
47,632,5
47,666,5
47,553,5
47,667,5
47,156,4
47,667,5
47,655,5
47,579,5
47,668,5
47,669,5
47,455,5
47,177,3
47,670,5
47,658,5
47,79,4
47,242,5
47,671,5
47,672,5
47,673,3
47,592,5
47,245,4
47,674,5
47,675,5
47,676,4
47,616,2
47,677,4
47,430,5
47,678,4
47,679,5
47,680,5
47,681,4
47,682,4
47,683,5
47,684,5
47,23,4
47,156,4
47,685,5
47,686,5
47,285,5
47,610,5
47,245,4
47,687,2
47,688,5
47,455,5
47,644,5
47,684,5
47,477,5
47,689,3
47,607,5
47,645,5
47,690,5
47,691,5
47,79,4
47,692,5
47,666,3
47,679,5
47,285,5
47,679,5
47,693,2
47,694,1
47,630,5
47,695,5
47,696,2
47,694,1
47,697,5
47,592,5
47,668,5
47,698,5
47,699,4
47,700,5
47,701,4
47,93,5
47,702,4
47,703,4
47,226,5
47,704,5
47,215,2
47,705,5
47,706,2
47,707,5
47,708,5
47,417,5
47,306,1
47,709,5
47,708,5
47,234,3
47,694,1
47,710,5
47,678,4
47,663,5
47,297,5
47,616,2
47,19,1
47,711,5
47,92,5
47,642,5
47,121,5
47,639,5
47,661,5
47,712,5
47,713,5
47,92,5
47,693,2
47,653,4
47,714,1
47,715,5
43,716,5
43,717,3
43,702,5
43,85,5
43,674,5
43,718,5
43,534,4
43,719,3
43,302,4
43,212,3
43,620,5
43,647,5
43,720,5
43,721,5
43,722,5
43,61,4
43,723,5
43,724,4
43,725,1
43,651,4
43,99,4
43,726,5
43,727,5
43,185,4
43,728,5
43,729,4
43,27,1
43,428,4
43,730,1
43,731,5
43,732,5
43,647,5
43,615,5
43,733,5
43,240,4
43,734,5
43,735,5
43,736,5
43,535,5
43,737,5
43,738,2
43,77,4
43,413,5
43,188,5
43,739,4
43,484,5
43,605,4
43,270,4
43,14,4
43,740,5
43,741,5
43,742,5
43,85,5
43,722,5
43,743,4
43,744,2
43,745,5
43,746,4
43,209,4
43,91,5
43,747,5
43,748,1
43,733,5
43,749,4
43,750,5
43,751,5
43,339,4
43,459,3
43,752,5
43,753,4
43,615,5
43,754,5
41,686,5
41,692,5
41,128,5
41,385,5
41,755,4
41,143,4
41,756,5
41,141,2
41,757,5
41,758,4
41,277,5
41,759,5
41,636,4
41,723,5
41,409,5
41,691,3
41,760,5
41,761,5
41,762,5
41,763,5
41,764,4
41,67,5
41,765,5
41,766,5
41,753,4
41,759,5
41,767,5
41,768,4
41,755,4
41,764,4
41,760,5
41,769,5
41,770,4
41,169,5
41,335,4
41,751,5
41,771,5
41,64,3
41,654,5
41,277,5
41,770,4
41,73,5
41,364,4
41,768,4
41,751,5
41,561,5
41,524,5
41,772,5
41,773,4
41,774,5
41,775,5
41,764,4
41,581,5
41,776,5
41,92,4
41,64,3
41,259,3
41,561,5
41,66,4
41,733,5
41,771,5
41,259,3
41,552,3
41,777,4
41,686,5
41,777,4
41,778,4
41,73,5
41,779,1
41,780,5
41,241,4
41,600,5
41,779,1
41,781,4
41,782,5
41,783,5
41,784,5
41,782,5
41,785,4
41,768,4
41,786,5
41,35,5
41,779,1
41,787,3
41,788,2
41,789,5
41,759,5
41,737,5
41,301,5
41,777,4
41,153,4
41,552,3
41,384,3
25,790,5
25,83,5
25,312,4
25,791,5
25,88,5
25,792,5
25,793,5
25,505,4
25,327,5
25,503,5
25,794,5
25,795,4
25,796,4
25,368,4
25,28,5
25,565,4
25,797,5
25,798,5
25,799,5
25,140,5
25,800,5
25,801,5
25,802,5
25,800,5
25,358,4
25,693,5
25,803,5
25,804,5
25,563,5
25,805,5
25,304,5
25,105,1
25,505,4
25,93,5
25,806,5
25,555,5
25,282,4
25,807,5
25,808,5
25,809,5
25,810,5
25,292,5
25,304,5
25,762,3
25,811,5
25,812,5
25,199,5
25,813,5
25,814,5
25,503,5
25,66,5
25,58,4
25,815,5
25,95,5
25,12,5
25,816,5
25,514,5
25,329,5
25,140,5
25,817,5
25,818,5
25,723,5
25,819,5
25,820,5
25,796,4
25,532,5
25,667,5
25,821,5
25,822,5
25,283,5
25,823,4
25,439,5
25,532,5
25,262,5
25,459,3
25,228,5
25,571,5
25,793,5
25,268,5
25,147,5
25,822,5
61,394,3
61,7,4
61,6,4
61,369,5
61,824,5
61,825,4
61,826,2
61,827,5
61,239,5
61,92,4
61,828,5
61,39,4
61,207,5
61,39,4
61,829,5
61,426,4
61,830,5
61,831,5
61,47,5
61,832,3
61,454,4
61,833,1
61,834,5
61,835,5
61,53,5
61,836,5
61,837,1
61,838,5
61,839,5
61,688,5
61,832,3
61,840,3
61,748,5
61,841,5
61,327,5
61,491,5
61,686,5
61,842,2
61,843,5
61,844,5
61,845,5
61,808,5
61,838,5
61,846,4
61,446,5
61,31,3
61,769,5
61,251,5
61,847,5
61,848,5
61,186,4
61,849,5
61,850,5
61,851,5
61,849,5
61,852,5
61,853,5
61,854,5
61,855,5
61,856,5
61,857,5
61,41,5
61,47,5
61,257,4
61,841,5
61,858,5
61,836,5
61,665,5
61,859,5
83,860,4
83,861,5
83,862,5
83,295,5
83,863,5
83,864,5
83,845,5
83,865,5
83,866,5
83,515,5
83,864,5
83,867,5
83,861,5
83,621,5
83,686,5
83,868,5
83,136,5
83,863,5
83,869,5
83,870,5
83,414,5
83,862,5
83,405,5
83,871,5
83,872,4
83,792,5
83,195,5
83,513,5
83,873,4
83,874,5
83,871,5
83,397,5
83,875,5
83,876,5
83,621,5
83,417,5
83,877,5
83,180,5
83,873,4
83,878,5
83,864,5
83,382,5
83,863,5
83,875,5
83,430,5
83,874,5
83,92,5
83,83,5
81,533,4
81,879,4
81,880,5
81,881,5
81,326,5
81,882,5
81,299,5
81,282,5
81,741,5
81,882,5
81,329,5
81,883,5
81,884,4
81,77,5
81,600,5
81,885,5
81,886,4
81,887,5
81,888,5
81,889,5
81,163,5
81,664,5
81,890,5
81,532,5
81,424,5
81,891,5
81,532,5
81,348,5
81,32,3
81,892,4
81,887,5
81,84,5
81,893,5
81,6,5
81,894,5
81,895,5
81,879,4
81,881,5
81,896,5
81,897,4
81,883,5
81,883,5
81,898,1
81,586,5
81,899,5
81,132,5
81,900,5
81,703,3
81,647,4
81,901,5
81,902,5
81,887,5
81,903,4
81,885,5
81,904,5
81,905,5
81,906,5
81,763,5
81,249,4
81,907,5
81,766,5
81,683,5
81,306,4
81,908,5
81,559,5
81,909,5
81,910,5
81,899,5
81,224,5
81,911,5
81,912,5
81,892,4
81,893,5
81,886,4
81,913,5
81,914,5
16,66,5
16,915,5
16,51,4
16,548,5
16,916,5
16,66,5
16,853,5
16,917,5
16,848,5
16,918,5
16,635,5
16,333,5
16,33,5
16,651,4
16,919,5
16,920,5
16,703,5
16,916,5
16,921,5
16,922,4
16,923,5
16,924,5
16,925,5
16,926,5
16,927,5
16,928,5
16,929,5
16,930,5
16,931,5
16,493,5
16,932,4
16,242,5
16,66,5
16,933,5
16,934,5
16,845,5
16,935,5
16,936,5
16,644,5
16,937,5
16,938,5
16,939,5
16,940,5
16,941,5
16,83,5
16,942,5
16,943,5
16,741,5
16,944,5
16,945,5
16,158,5
16,362,5
16,940,5
16,935,5
16,946,5
60,293,5
60,736,5
60,619,5
60,934,5
60,947,5
60,939,5
60,388,4
60,711,5
60,948,5
60,949,5
60,950,5
60,951,5
60,516,5
60,952,5
60,324,5
60,953,5
60,954,4
60,16,5
60,955,5
60,956,5
60,957,5
60,635,5
60,940,5
60,254,5
60,48,5
60,958,5
60,374,5
60,917,5
60,959,5
60,952,5
60,960,5
60,961,5
60,962,5
60,953,5
60,925,5
60,248,5
60,963,5
60,646,5
60,249,4
60,129,5
60,964,5
60,962,5
60,965,5
60,966,5
60,693,5
60,967,5
60,923,5
60,968,5
60,964,5
60,969,5
60,970,5
60,323,5
60,908,5
60,16,5
60,971,5
60,738,5
60,964,5
60,919,5
60,972,5
60,248,5
60,973,5
60,974,5
60,975,5
60,967,5
60,976,5
60,242,5
60,969,5
60,545,5
60,947,5
60,693,5
60,977,5
60,934,5
60,882,4
60,706,5
60,939,5
60,951,5
60,958,5
60,978,5
60,954,4
4,495,5
4,596,5
4,944,1
4,979,5
4,980,5
4,981,5
4,363,5
4,907,5
4,107,3
4,982,5
4,223,5
4,557,5
4,214,5
4,983,4
4,984,5
4,985,5
4,986,5
4,987,5
4,988,5
4,554,5
4,984,5
4,38,5
4,83,5
4,989,5
4,990,5
4,171,5
4,500,5
4,910,5
4,991,5
4,460,5
4,992,5
4,993,5
4,774,5
4,329,5
4,139,5
4,430,5
4,233,5
4,70,5
4,994,4
4,981,5
4,995,5
4,260,4
4,996,5
4,997,4
4,981,5
4,376,5
4,998,5
4,171,5
4,999,5
4,1000,5
4,1001,5
4,979,5
4,1002,5
4,977,5
4,93,1
4,994,4
4,822,5
86,1003,5
86,374,5
86,1004,5
86,1005,4
86,795,5
86,1006,5
86,1007,4
86,1008,5
86,1009,5
86,525,5
86,1010,5
86,1011,1
86,1007,4
86,1012,5
86,72,5
86,852,5
86,1013,5
86,1014,4
86,1008,5
86,852,5
86,497,5
86,374,5
86,1015,5
86,1004,5
86,371,5
86,411,5
86,412,4
86,204,5
86,1016,5
86,203,5
86,372,5
86,1004,5
86,747,5
86,203,5
86,147,5
86,1017,5
86,1014,5
86,1017,5
86,628,4
86,1005,4
86,795,5
86,412,4
86,1018,5
86,1008,5
86,328,5
86,1019,5
86,411,5
86,372,5
86,318,5
93,425,5
93,365,5
93,194,5
93,736,5
93,419,5
93,1020,4
93,1021,5
93,1022,5
93,983,5
93,938,5
93,201,5
93,1023,5
93,254,5
93,582,5
93,187,5
93,1024,5
93,425,5
93,1025,4
93,1026,5
93,200,5
93,1027,5
93,1028,5
93,186,4
93,1022,5
93,233,5
93,1029,4
93,1030,5
93,816,5
93,194,5
93,938,5
93,192,5
14,1031,5
14,81,5
14,1032,5
14,792,5
14,1033,4
14,871,5
14,1034,5
14,1033,4
14,454,5
14,195,4
14,421,5
14,66,4
14,381,5
14,676,4
14,879,5
14,1035,4
14,1036,4
14,743,3
14,1037,5
14,93,4
14,1038,5
14,154,5
14,1039,4
14,76,5
14,974,5
14,1003,5
14,1034,5
14,1032,5
14,706,5
14,683,5
14,232,5
14,1036,4
14,488,5
14,1040,5
14,589,5
14,380,5
14,1041,5
14,830,5
14,1042,5
14,1043,5
14,1041,5
14,1038,5
14,497,5
14,1044,3
14,412,5
14,429,3
14,1045,5
14,670,5
14,1046,5
14,924,4
14,1047,5
14,1047,5
14,1048,5
28,437,4
28,1049,5
28,1050,5
28,380,5
28,297,4
28,1051,3
28,917,5
28,412,5
28,1052,5
28,1053,5
28,727,5
28,1054,5
28,982,5
28,985,5
28,1055,5
28,784,5
28,77,5
28,937,5
28,1037,5
28,1056,5
28,33,5
28,1046,5
28,749,5
28,785,5
28,891,5
28,1057,5
28,1050,5
28,47,5
28,891,5
28,1058,5
28,1059,5
28,633,5
28,1050,5
28,1060,5
28,1061,4
28,157,5
28,1051,3
28,1062,5
28,1062,5
28,917,5
28,1026,4
28,58,5
28,544,5
28,1063,5
28,341,5
28,1064,5
28,1038,5
28,1065,4
28,384,5
28,382,5
28,411,5
28,1044,5
28,436,3
28,1066,5
28,411,5
28,49,5
28,417,5
97,1067,5
97,999,4
97,877,4
97,1068,5
97,402,5
97,1069,5
97,499,5
97,1070,5
97,429,3
97,259,5
97,1071,5
97,454,5
97,252,4
97,515,5
97,113,3
97,1072,3
97,1073,5
97,1074,5
97,429,3
97,453,5
97,798,5
97,325,4
97,1075,5
97,219,4
97,358,5
97,1073,5
97,1076,5
97,876,5
97,1077,1
97,323,5
97,1078,4
97,1079,4
97,1080,5
97,1081,4
97,433,5
97,299,4
97,1082,5
97,1074,5
97,1079,4
97,1083,5
97,747,5
97,198,5
97,310,5
97,1084,5
97,1071,5
97,1085,4
97,776,5
97,555,5
97,753,5
97,1086,4
97,1076,5
97,99,5
97,428,4
97,1087,5
97,1079,4
97,1067,5
97,1088,5
97,1089,5
97,284,5
97,1080,5
97,299,4
97,259,5
97,433,4
97,1001,5
97,245,5
97,1086,4
97,1090,5
97,673,5
97,1082,5
97,1091,5
97,368,5
97,1072,3
97,1025,5
97,1073,5
97,842,5
97,1004,5
97,295,5
97,87,5
97,1081,4
97,591,5
97,1084,5
97,137,4
97,1092,5
97,1086,4
97,1093,5
97,1068,5
97,124,5
97,1094,1
97,1077,1
97,1082,5
97,1031,5
97,1001,5
97,468,5
97,1095,5
97,1096,5
97,1097,5
97,1070,5
56,1098,4
56,426,5
56,832,5
56,233,5
56,938,3
56,1099,5
56,1100,5
56,1101,3
56,1102,5
56,854,5
56,608,5
56,544,4
56,1103,5
56,972,5
56,1104,4
56,11,4
56,1105,5
56,180,5
56,989,4
56,150,5
56,12,5
56,279,5
56,136,5
56,786,5
56,1105,5
56,1106,4
56,220,5
56,1101,3
56,1107,4
56,1108,4
56,840,5
56,1094,5
56,1094,5
56,163,5
56,446,5
56,752,5
56,211,5
56,221,4
56,521,4
56,287,4
56,1109,5
56,877,5
56,1110,4
56,18,5
56,1111,5
56,786,5
56,600,4
56,1099,5
56,1112,1
56,1113,5
56,1114,5
56,1108,5
56,82,5
56,585,5
56,1115,2
56,1116,5
56,539,4
56,22,5
56,404,5
56,431,5
56,1117,5
56,1044,5
56,1051,5
56,1118,5
56,640,4
56,77,5
56,660,5
56,784,5
56,899,4
56,1115,2
56,404,5
56,136,5
56,946,5
18,1119,4
18,74,5
18,1035,5
18,1120,5
18,232,4
18,394,4
18,460,5
18,83,1
18,692,4
18,1121,5
18,1122,5
18,5,4
18,1003,4
18,1123,5
18,1124,5
18,34,4
18,1125,4
18,1126,4
18,539,5
18,959,4
18,20,5
18,1127,5
18,1068,5
18,1128,5
18,436,5
18,1129,5
18,85,4
18,1120,5
18,795,5
18,106,5
18,886,5
18,794,5
18,1130,5
18,157,4
18,452,5
18,1131,5
18,534,4
18,840,5
18,1132,4
18,1133,3
18,433,5
18,1056,5
18,1134,5
18,1135,4
18,1136,4
18,654,4
18,414,5
18,1137,5
18,1138,5
18,525,5
18,172,5
18,111,5
18,800,5
18,1139,5
18,1123,4
18,352,5
18,221,4
18,1136,4
18,1140,4
18,339,5
18,111,5
18,534,4
18,384,4
18,892,5
66,1141,5
66,465,5
66,1078,5
66,1142,3
66,662,5
66,252,3
66,1133,5
66,60,5
66,77,5
66,1143,5
66,354,4
66,835,5
66,1144,5
66,1145,5
66,1146,5
66,1147,4
66,303,5
66,1143,5
66,713,5
66,1148,5
66,1127,5
66,210,4
66,1149,4
66,987,5
66,1150,5
66,1151,2
66,316,5
66,1152,5
66,545,5
66,442,4
66,1146,4
66,1088,4
66,1078,5
66,1153,5
66,1148,5
66,1149,4
66,79,5
66,1141,5
66,296,5
66,1154,4
66,252,3
66,488,3
66,1148,5
66,1155,5
66,1144,5
66,1133,5
66,222,5
66,442,4
66,1146,4
66,347,5
66,599,5
66,231,4
66,274,5
66,1156,5
66,710,5
66,1156,5
66,933,5
66,1130,5
66,347,5
66,1157,5
66,1007,5
66,1153,5
66,1158,5
66,238,5
66,1026,4
66,1142,3
66,1159,5
66,1160,5
66,1100,5
66,692,5
66,1161,1
66,1162,4
66,1142,3
66,109,4
66,202,5
66,1162,4
66,1095,5
66,692,5
66,238,5
66,1158,5
66,97,5
66,231,5
66,1150,4
66,1147,4
66,1151,2
66,1163,5
66,677,5
66,1163,5
66,762,4
66,525,5
66,1159,5
66,1144,5
66,1164,5
66,677,5
66,1165,5
66,1166,5
66,857,5
85,1016,5
85,187,5
85,584,5
85,1167,5
85,1168,5
85,185,5
85,1169,4
85,290,5
85,1170,5
85,792,5
85,1169,4
85,1171,5
85,1171,5
85,1172,5
85,1168,5
85,499,5
85,1016,5
85,233,5
85,1173,5
85,1170,5
85,1174,5
85,1109,5
85,100,5
85,909,5
85,1169,4
85,332,5
85,1172,5
85,1175,5
85,1171,5
85,1173,5
85,1004,4
72,545,4
72,968,4
72,9,5
72,877,5
72,1176,5
72,662,5
72,898,5
72,335,5
72,1177,5
72,1089,3
72,1178,5
72,1179,5
72,1180,5
72,1176,5
72,620,5
72,631,4
72,1181,4
72,1182,5
72,272,5
72,1183,5
72,900,5
72,245,5
72,1184,5
72,848,5
72,1185,5
72,470,5
72,1183,5
72,327,4
72,1186,5
72,71,5
72,26,5
72,9,5
72,1124,4
72,1187,5
72,862,5
59,1188,5
59,1189,4
59,66,4
59,626,4
59,1042,4
59,605,4
59,743,3
59,1190,3
59,1191,4
59,28,4
59,1188,5
59,424,4
59,1192,4
59,370,4
59,1193,4
59,1191,4
59,1194,3
59,1072,3
59,237,3
59,896,5
59,620,4
59,88,4
59,88,4
59,1195,4
59,605,4
59,1196,4
59,1197,4
59,1198,4
59,620,4
59,339,4
59,1197,4
59,1199,4
59,1189,4
59,1200,4
59,1192,4
59,1174,4
59,1201,4
59,309,3
59,310,4
59,237,3
59,1174,4
59,1199,4
59,353,4
59,1196,4
59,1202,2
59,1203,4
59,549,3
59,762,4
59,1204,4
59,1194,3
59,497,5
59,1192,4
59,1190,3
59,789,5
59,1205,4
59,353,4
59,1085,4
59,456,4
59,647,3
59,1206,4
59,1197,4
59,1207,4
59,963,3
59,538,5
59,1208,5
59,1209,4
59,650,4
59,225,3
59,1210,4
59,1208,5
59,1209,4
59,1203,4
59,1210,4
59,789,5
59,760,4
59,309,3
59,1194,3
59,1201,4
59,1121,3
59,1202,2
59,942,4
59,1175,3
59,1196,4
59,1059,5
15,85,5
15,926,3
15,758,5
15,1211,5
15,106,5
15,234,5
15,1212,5
15,673,5
15,183,5
15,793,5
15,1213,5
15,32,5
15,837,5
15,1214,5
15,351,5
15,234,5
15,331,5
15,250,5
15,814,5
15,33,5
15,1215,5
15,1214,5
15,596,5
15,234,5
15,877,5
15,478,5
15,1216,5
15,976,5
15,1105,5
15,1217,5
15,1218,5
15,1219,4
15,879,2
15,57,5
15,44,4
15,1220,5
15,609,5
15,903,5
15,1221,5
15,1084,5
15,995,5
15,466,5
15,1222,4
15,921,5
15,351,5
15,1213,5
15,1223,5
15,1224,5
15,814,5
15,395,5
15,1225,5
15,398,5
15,1222,5
15,1159,5
15,305,5
15,1226,5
15,1227,5
15,1228,4
15,183,5
15,438,4
15,411,5
15,843,5
15,426,5
15,1229,5
1,1165,5
1,138,5
1,1230,5
1,590,5
1,121,5
1,94,5
1,911,5
1,391,4
1,1231,5
1,1232,5
1,1233,5
1,1214,5
1,1223,5
1,973,5
1,1234,5
1,1235,1
1,1236,5
1,1223,5
1,1048,4
1,233,5
1,138,5
1,1237,5
1,1235,1
1,1059,5
1,290,5
1,1052,5
1,621,4
1,697,5
1,590,5
1,94,5
1,590,5
1,878,4
1,920,4
1,1238,4
1,1061,5
1,570,5
1,875,4
1,906,5
1,906,5
1,439,5
1,1093,4
1,837,5
1,1238,4
1,1239,5
1,1240,4
1,1241,5
1,263,5
1,362,5
1,391,4
1,410,5
1,1242,4
1,1242,4
1,1048,4
1,995,5
1,1243,4
1,407,5
1,252,5
1,860,5
1,1051,5
1,1065,5
1,944,5
1,1231,5
1,1244,4
1,1245,5
1,906,5
1,1059,5
1,1233,5
1,1246,5
1,83,5
1,1247,5
1,1117,4
1,1248,5
1,1045,5
1,1241,5
1,1076,5
1,1239,5
1,1231,5
1,263,5
1,430,5
1,1246,5
1,439,5
1,1232,5
1,1249,5
1,56,5
1,1230,5
1,693,5
1,564,1
1,1093,4
1,1234,5
91,264,5
91,1094,5
91,1030,5
91,385,5
91,1250,5
91,1251,4
91,983,5
91,1022,5
91,1252,5
91,1077,5
91,1087,5
91,1250,5
91,500,5
91,232,5
91,1094,5
91,1009,5
91,1253,5
91,1022,5
91,60,4
91,1025,5
91,1251,4
91,1254,5
91,213,5
91,211,5
91,1254,5
91,992,5
91,213,5
91,367,5
91,1009,5
91,1255,5
91,318,4
91,1153,5
91,1163,4
91,994,5
91,868,5
91,1251,4
91,1094,5
91,8,4
91,523,4
95,872,5
95,869,5
95,1256,5
95,754,5
95,1024,5
95,754,5
95,1174,4
95,789,5
95,1100,5
95,1229,5
95,228,5
95,233,5
95,1257,5
95,1258,5
95,239,5
95,1259,5
95,872,5
95,650,5
95,1260,5
95,1261,5
95,766,5
95,869,5
95,1072,4
95,1204,5
95,342,5
95,1200,5
95,395,5
95,33,5
95,360,5
95,1262,2
95,1263,5
95,1208,5
95,935,5
95,806,5
95,766,5
95,916,5
95,349,5
95,1264,5
95,1237,5
95,662,5
95,142,5
95,539,5
95,142,5
95,33,5
95,1256,5
95,9,5
95,950,5
95,430,5
95,567,5
95,1264,5
95,812,4
95,303,5
95,278,5
95,1237,5
95,1265,5
95,218,5
95,1266,5
95,802,5
95,945,5
95,329,5
95,689,4
95,935,5
95,1200,5
95,1267,5
95,1247,5
95,251,5
95,1268,5
95,156,5
95,1258,5
5,1269,5
5,871,5
5,1270,5
5,890,5
5,1271,5
5,846,5
5,1272,5
5,1203,5
5,479,5
5,406,5
5,932,5
5,1273,5
5,1274,5
5,935,5
5,1273,5
5,1275,5
5,99,5
5,1276,1
5,1277,5
5,989,5
5,1271,5
5,1278,5
5,1279,5
5,1280,5
5,282,5
5,1052,5
5,1281,5
5,406,5
5,1123,4
5,545,5
5,827,5
5,1236,5
5,820,4
5,1280,5
5,910,5
5,1263,5
5,1122,5
5,382,5
22,1147,5
22,805,5
22,656,5
22,677,1
22,1080,5
22,240,5
22,89,3
22,528,4
22,511,5
22,181,5
22,1155,5
22,104,5
22,1282,5
22,1283,5
22,1284,5
22,407,3
22,150,3
22,1285,2
22,805,5
22,1286,5
22,200,5
22,1264,5
22,705,5
22,47,5
22,484,5
22,33,5
22,1226,5
22,963,3
22,83,5
22,392,5
22,1183,5
22,562,5
22,1287,5
22,1219,5
22,496,5
22,1288,5
22,1289,5
22,89,3
22,1290,5
22,923,5
22,1219,5
22,174,5
22,910,5
22,93,5
22,1289,5
22,565,5
22,348,4
22,910,5
22,454,5
22,799,5
22,1291,5
22,47,5
22,1292,5
22,392,5
22,719,5
22,1293,4
22,41,5
22,521,3
22,709,5
22,528,4
22,780,5
22,1183,5
22,1294,5
67,1295,5
67,1223,5
67,572,5
67,664,5
67,519,3
67,640,5
67,824,5
67,1296,5
67,1297,5
67,262,4
67,1298,4
67,32,5
67,645,5
67,572,5
67,3,5
67,69,5
67,296,5
67,1299,5
67,1297,5
67,474,4
67,32,5
67,1300,5
67,1301,5
67,1302,5
67,526,5
67,1218,5
67,898,5
67,1298,4
67,1295,5
67,52,3
67,1277,5
67,10,4
67,1303,4
67,1304,5
67,1295,5
67,86,5
67,736,5
67,1216,5
67,22,5
67,879,5
67,43,5
67,1031,5
67,1160,4
67,2,5
67,1299,5
67,260,5
67,824,5
67,1160,4
67,667,5
67,1303,4
67,329,5
67,977,5
67,247,3
67,1305,5
67,761,5
67,681,3
67,712,5
67,535,3
67,1305,5
67,977,5
67,519,3
67,1306,5
67,65,5
67,315,5
67,1303,4
67,993,5
67,127,5
67,1131,5
67,1299,5
67,602,5
67,1277,5
67,296,5
54,485,5
54,337,5
54,1163,5
54,738,5
54,995,5
54,1307,5
54,1308,5
54,675,5
54,1309,5
54,1204,5
54,328,5
54,1127,5
54,1310,5
54,0,5
54,481,4
54,1311,5
54,1300,4
54,1082,3
54,456,5
54,1312,5
54,200,5
54,1053,5
54,1313,4
54,620,5
54,1314,5
54,1315,5
54,293,5
54,1316,5
54,164,4
54,1300,4
54,1317,5
54,1278,2
54,1318,5
54,485,5
54,293,5
54,1319,5
54,318,5
54,432,5
54,1317,5
54,904,5
54,1313,5
54,164,5
54,1320,5
54,164,4
54,1321,5
54,1322,4
54,1323,5
54,1324,5
54,200,5
54,1325,4
54,430,5
54,1326,4
54,336,5
54,1327,5
54,1082,3
54,1328,5
54,1145,5
54,901,5
54,207,5
54,1288,5
54,66,4
54,586,5
54,1329,5
54,1288,5
54,1330,5
54,960,5
54,1136,5
54,1324,5
54,1002,2
54,318,5
54,900,5
54,444,5
54,466,5
54,31,5
54,1331,5
54,1332,5
54,1332,5
54,1329,5
54,1308,5
54,276,4
54,1333,1
54,169,5
54,1334,5
54,0,5
54,1315,5
54,590,5
54,1335,5
54,1336,5
54,1308,5
54,434,5
54,1337,5
54,1199,5
54,482,5
54,1338,5
54,1307,5
54,169,5
54,314,4
54,265,5
54,1339,5
54,354,4
54,256,5
54,913,5
54,265,5
54,1304,5
54,1340,5
54,1341,5
54,483,5
54,1265,5
54,337,5
54,1335,5
54,1341,5
71,1309,5
71,1184,5
71,984,5
71,1262,5
71,106,5
71,117,5
71,540,4
71,1342,4
71,104,5
71,1017,5
71,1343,5
71,938,5
71,400,5
71,1002,5
71,870,5
71,1342,4
71,387,5
71,893,3
71,1290,5
71,1344,5
71,930,5
71,1345,5
71,782,5
71,1051,5
21,1346,5
21,1347,5
21,1348,4
21,1346,5
21,1042,4
21,979,5
21,121,5
21,589,5
21,635,5
21,692,5
21,544,5
21,497,5
21,1349,5
76,1350,5
76,1351,4
76,1352,5
76,474,5
76,991,5
76,808,5
76,829,5
76,1353,5
76,1290,4
76,1354,5
76,1355,5
76,1244,5
76,1352,5
76,738,5
76,633,5
76,1011,5
76,1005,2
76,792,5
76,1244,5
76,239,5
76,187,5
76,1140,5
76,187,5
76,863,5
76,663,5
76,371,4
76,1046,4
76,1356,5
76,1198,5
76,1127,5
76,802,5
76,23,5
76,1107,4
76,450,5
76,1356,5
76,1357,5
76,132,5
76,83,5
76,1350,5
76,1358,3
76,1232,5
76,1359,5
76,307,5
76,436,5
76,1160,5
76,643,5
76,313,5
76,1358,3
76,439,5
76,1269,5
76,643,5
76,1170,4
76,1354,5
76,1018,4
76,33,5
76,1360,5
76,510,5
76,307,5
76,1305,5
76,808,5
76,701,5
76,1361,5
76,14,4
76,1107,4
76,489,5
76,1354,5
76,254,4
76,150,5
76,450,1
76,371,4
76,1362,5
76,1350,5
76,1363,5
76,927,5
76,643,5
76,1363,5
76,187,5
76,1364,5
76,1107,4
76,281,5
76,908,5
76,867,4
76,1269,5
76,677,5
76,1352,5
76,996,5
76,594,4
76,439,5
76,66,5
76,1355,5
76,239,5
76,1365,5
76,487,5
76,1366,5
76,1360,5
17,1367,5
17,1117,5
17,966,5
17,385,5
17,152,5
17,1211,5
17,1325,5
17,1368,5
17,1369,5
17,1370,5
17,1172,5
17,1371,4
17,1372,5
17,17,4
17,306,4
17,560,5
17,867,5
17,946,5
17,529,5
17,794,5
17,1373,5
17,322,4
17,1048,5
17,425,5
17,790,5
17,103,5
17,1374,5
17,636,5
17,745,5
17,650,2
17,1375,5
17,97,5
17,436,4
17,1134,5
17,620,5
17,255,5
17,1165,5
17,80,4
17,1376,4
17,413,5
17,138,5
17,422,5
17,379,5
17,101,5
17,1137,4
17,730,5
17,652,5
17,359,5
17,643,5
17,974,5
17,1206,5
17,842,5
17,869,5
17,1377,4
33,967,5
33,37,5
33,1378,5
33,1379,5
33,531,5
33,1259,5
33,371,4
33,1380,3
33,539,5
33,69,5
33,207,5
33,1004,5
33,809,5
33,475,5
33,282,5
33,700,5
33,283,5
33,514,5
33,1381,5
33,826,5
33,1382,4
33,1378,5
33,731,5
33,477,5
33,1383,5
33,332,5
33,394,2
33,1286,4
33,1380,3
33,1380,3
33,1218,5
33,130,5
33,617,4
33,1384,4
33,639,2
33,1092,5
33,179,5
33,1385,5
33,781,4
33,264,4
33,700,5
33,119,4
33,566,2
33,823,5
33,639,2
33,355,4
33,531,5
33,317,5
33,1386,4
33,336,5
33,783,5
33,1387,3
33,1286,4
33,1057,5
33,1113,5
33,980,3
33,556,4
33,1388,5
33,526,5
33,181,5
33,278,4
33,1385,5
33,711,5
33,32,4
33,838,5
33,1389,5
33,278,4
33,1390,5
33,526,4
33,372,3
33,1207,1
33,1245,4
33,942,2
33,719,5
33,1284,5
33,957,5
33,454,5
33,693,5
33,255,5
33,526,5
33,537,4
33,1036,5
33,783,5
33,1227,4
33,179,5
33,949,5
33,1092,5
0,792,5
0,188,5
0,82,5
0,1391,5
0,517,5
0,301,5
0,910,5
0,59,5
0,855,4
0,305,5
0,1392,5
0,294,5
0,1102,5
0,454,5
0,245,5
0,1204,5
0,1393,5
0,1069,5
0,1385,5
0,93,5
0,1394,4
0,1395,4
0,59,5
0,1396,5
0,1397,5
0,1130,1
0,66,4
0,1163,5
0,1391,5
0,1039,5
0,259,5
0,944,5
0,517,5
0,1397,5
0,1398,5
0,1259,5
0,214,5
0,613,1
0,134,5
0,1362,5
0,1399,5
0,261,5
0,722,4
0,1362,4
0,842,5
0,1110,4
0,1272,5
0,1334,5
0,859,5
0,792,5
0,1400,5
0,1401,5
0,1053,5
0,1402,3
42,536,5
42,141,3
42,268,4
42,1403,5
42,144,5
42,1404,5
42,233,3
42,1087,5
42,1405,5
42,793,5
42,821,5
42,1406,4
42,952,5
42,144,5
42,292,5
42,689,4
42,818,5
42,663,4
42,1407,5
42,390,5
42,689,4
42,851,5
42,427,2
42,1312,5
42,792,5
42,471,5
42,1110,5
42,1146,5
42,886,5
42,823,5
42,244,4
42,1289,5
42,1408,5
42,1386,4
42,1110,5
42,1381,5
42,501,5
42,258,5
42,127,5
42,588,5
42,1145,5
42,507,4
42,161,5
42,788,4
42,543,4
42,819,5
42,976,5
42,568,5
42,224,5
42,85,5
42,1386,5
42,155,5
42,524,5
42,352,5
42,1409,5
42,1118,5
42,1396,5
42,1410,5
42,1258,2
42,757,5
42,896,5
42,807,4
42,1411,2
42,92,4
42,564,5
42,820,5
42,540,5
42,780,5
42,726,3
42,726,3
42,1412,4
42,1411,2
42,1122,4
42,1413,5
42,747,5
42,339,5
42,757,5
42,1414,5
42,1245,5
42,1212,5
42,1415,5
42,788,5
42,1122,4
42,815,5
42,423,4
42,732,5
64,1414,5
64,544,5
64,837,5
64,704,5
64,1416,5
64,462,5
64,1417,5
64,1090,5
64,1148,5
64,1418,5
64,926,5
64,1419,5
64,1420,5
64,1215,2
64,355,5
64,708,5
64,904,5
64,1421,5
64,1109,5
64,606,5
64,1422,5
64,1423,5
64,611,2
64,1424,5
64,462,5
64,78,5
64,395,5
64,344,5
64,1416,5
64,1125,5
64,1425,5
64,701,5
64,1373,5
64,267,5
64,1426,1
64,376,5
64,834,4
64,468,2
64,504,4
64,393,5
64,1373,5
64,1427,4
64,1175,5
64,1428,5
64,139,5
64,267,5
64,701,5
64,309,3
64,1328,5
64,1426,5
64,667,5
64,904,5
64,678,5
64,1111,5
64,1418,5
64,1418,5
64,595,2
64,418,5
64,1424,5
64,88,5
64,691,4
64,1429,5
64,68,5
64,395,5
64,83,4
64,1058,5
64,1427,4
64,23,4
64,165,5
64,611,2
64,163,2
64,1106,5
64,685,5
64,522,5
64,1429,5
64,1430,5
64,926,5
64,986,5
64,1212,5
64,1215,2
64,76,5
64,1139,4
64,1376,4
64,690,5
64,1417,5
64,1188,5
64,1421,5
64,1423,5
64,1240,5
64,105,4
64,593,5
64,1305,5
64,1058,5
64,628,3
64,1424,5
64,504,4
64,1125,5
64,178,5
64,627,5
64,1431,4
64,631,5
64,1432,5
64,986,5
64,1423,5
64,659,4
64,630,5
82,269,5
82,1433,5
82,1349,5
82,998,5
82,700,5
82,1434,4
82,1435,5
82,953,5
82,1435,5
82,390,4
82,217,5
82,1436,4
82,1437,5
82,1438,5
82,1439,5
82,1440,5
82,1441,5
82,1436,4
82,998,5
82,1438,5
82,1437,5
82,1442,1
82,1435,5
82,399,5
82,1443,5
82,1242,5
82,1281,5
82,1173,5
82,1436,4
82,482,5
82,1173,5
82,1438,5
82,1397,5
82,1439,5
82,269,5
82,845,5
82,58,5
82,1349,5
79,1289,5
79,701,1
79,928,5
79,1444,5
79,1445,5
79,1446,5
79,1037,5
79,1128,5
79,902,5
79,169,5
79,928,5
79,1447,4
79,1075,5
79,762,5
79,941,5
79,1444,5
79,736,5
79,902,5
79,1447,4
79,1250,5
79,941,5
79,902,5
79,124,5
79,241,5
79,102,5
79,1447,4
79,1037,5
79,1448,5
79,1449,5
79,1450,5
79,1451,4
79,23,5
79,740,5
79,1446,5
79,1446,5
79,1269,5
79,186,5
79,1444,5
79,239,5
79,176,5
79,1452,5
79,1075,5
79,337,5
79,294,5
79,406,5
79,1394,5
79,1250,5
79,1270,5
79,1452,5
79,1128,5
79,239,5
79,1442,5
79,23,5
79,698,5
79,294,5
79,1398,5
49,1453,5
49,1454,5
49,66,5
49,408,5
49,1293,5
49,1052,4
49,715,5
49,33,5
49,1455,4
49,1224,5
49,405,4
49,535,5
49,669,4
49,594,5
49,1117,4
49,79,5
49,197,4
49,403,5
49,36,5
49,1456,5
49,1457,5
49,1458,3
49,1459,5
49,1043,5
49,36,5
49,947,5
49,362,5
49,502,4
49,1460,5
49,853,5
49,58,4
49,1461,1
49,87,3
49,1462,4
49,1463,4
49,106,5
49,1463,5
49,762,5
49,666,5
49,1457,5
49,595,5
49,1369,5
49,958,4
49,1464,5
78,1465,5
78,1381,5
78,947,5
78,87,5
78,545,5
78,18,5
78,1466,5
78,657,5
78,1467,5
78,1468,5
78,1289,5
78,66,5
78,544,5
78,1011,5
78,1469,5
78,1466,5
78,236,5
78,1124,5
78,1367,5
78,119,5
78,1470,5
78,87,5
78,110,5
78,1034,5
78,87,5
78,279,5
78,1045,5
78,119,5
78,75,5
78,1093,5
78,88,5
78,1471,5
78,313,5
78,1472,5
78,878,5
78,1064,5
78,990,5
78,35,5
78,1473,5
78,1469,5
78,1150,5
78,1472,4
78,1432,5
78,643,5
78,1126,5
78,75,5
78,1474,5
78,346,4
78,1235,5
78,955,5
78,1473,5
78,1467,5
78,55,5
78,747,5
78,1474,5
78,445,5
78,235,4
78,990,5
78,1470,5
87,585,5
87,1347,5
87,1185,5
87,1475,5
87,854,5
87,1475,5
87,1149,5
87,477,5
87,1407,5
87,1476,5
87,193,5
87,567,5
87,255,5
87,750,4
87,1185,5
87,484,5
87,966,5
87,1477,5
87,1039,5
87,1477,5
87,1252,5
87,1478,5
87,1104,5
87,1103,5
87,416,5
87,405,5
87,1476,5
87,1479,5
87,1480,5
87,870,5
87,863,5
87,1479,5
87,890,5
87,1288,5
87,1481,5
87,295,5
87,295,5
87,585,5
87,50,5
87,124,4
87,1482,5
87,66,5
87,852,5
87,949,5
87,1211,4
87,463,5
87,1149,5
87,1382,5
87,484,5
87,1476,5
87,1392,5
87,303,5
87,1483,5
87,758,4
87,1392,5
87,1482,5
87,445,4
99,585,5
99,378,4
99,33,5
99,1235,5
99,1372,4
99,28,5
99,822,5
99,357,5
99,873,5
99,1287,5
99,1129,4
99,1238,5
99,117,5
99,748,5
99,1434,5
99,1377,5
99,1359,5
99,585,5
99,360,5
99,1328,5
99,1293,5
99,319,5
99,727,1
99,1040,3
99,1344,3
99,530,1
99,55,5
99,1359,5
99,575,5
99,1484,2
99,109,5
99,543,5
99,731,3
99,200,5
99,985,5
99,1485,5
99,774,5
99,451,5
99,423,5
99,1377,5
99,1486,5
99,719,5
99,774,5
99,302,4
99,1398,5
99,1440,5
99,526,5
99,1058,5
99,162,5
99,62,5
99,1109,5
99,1269,5
99,1108,4
99,826,4
99,1434,5
99,1420,4
99,164,5
99,584,3
99,1287,5
99,962,5
99,302,4
13,1487,5
13,945,4
13,1198,5
13,687,5
13,1051,2
13,268,5
13,767,5
13,1198,5
13,1488,5
13,1390,5
13,286,5
13,749,5
13,847,5
13,945,4
13,947,5
13,1489,5
13,880,5
13,107,5
13,1280,5
13,208,5
13,1457,5
13,383,4
13,1262,5
13,1490,5
13,714,4
13,877,4
13,1491,5
13,41,5
13,913,5
13,1257,5
13,619,5
13,1337,5
13,1492,5
13,1491,5
13,687,5
13,22,5
13,545,5
13,1493,5
13,512,5
13,1494,5
13,379,5
13,1495,5
13,909,5
13,354,5
13,544,5
13,1488,5
13,1124,4
13,927,5
13,90,5
11,634,5
11,150,5
11,1371,5
11,1491,5
11,1434,5
11,866,5
11,1207,5
11,797,5
11,1408,5
11,2,5
11,205,5
11,1461,5
11,439,5
11,620,5
11,822,5
11,241,5
11,1163,2
11,508,5
11,1496,5
11,1497,3
11,1401,4
11,965,4
11,387,5
11,525,5
11,1498,5
11,1499,5
11,683,5
11,83,4
11,993,5
11,1462,4
11,1131,4
11,503,4
11,113,4
11,599,5
11,278,4
11,991,5
11,1475,5
11,1408,5
11,896,5
11,1500,5
11,1263,5
11,1497,4
11,1112,5
11,882,5
11,1501,5
11,853,4
11,706,5
11,30,4
11,1221,5
11,439,5
11,153,4
11,1108,5
11,807,5
11,654,5
11,1294,5
11,985,5
11,588,4
11,724,5
11,1003,5
11,186,2
11,689,5
11,513,5
11,709,4
11,1158,5
11,1427,5
11,526,5
11,21,4
11,521,5
11,1461,5
11,1209,5
11,1131,4
11,797,5
11,1501,5
11,519,5
11,725,5
11,1389,5
11,1486,5
11,261,5
11,509,5
68,1294,5
68,387,5
68,568,5
68,558,3
68,569,4
68,1502,5
68,851,4
68,579,5
68,799,2
68,817,5
68,703,5
68,716,5
68,667,5
68,1089,5
68,520,4
68,1391,5
68,818,4
68,742,5
68,810,4
68,719,5
68,744,5
68,1405,5
68,1400,5
68,157,4
68,626,5
68,1503,5
68,791,5
68,1110,5
68,552,4
68,796,5
68,292,5
68,87,5
68,793,5
68,474,3
68,553,5
68,520,4
68,477,4
68,571,5
68,798,5
68,739,4
68,83,5
68,744,5
68,1090,5
68,93,4
68,568,5
68,692,5
68,1191,5
68,1405,5
68,472,5
68,677,5
68,815,5
68,42,5
68,152,5
68,312,3
68,1459,5
68,15,5
68,795,5
68,1014,5
68,1282,5
68,817,5
68,773,5
68,1396,5
68,1127,5
68,822,5
68,1070,4
68,354,3
68,1381,5
68,1113,5
68,224,5
68,546,4
68,204,4
68,810,4
68,1151,5
68,40,5
68,1503,5
68,821,5
68,244,4
68,565,4
68,204,5
68,340,5
68,350,5
68,509,3
68,643,5
68,501,5
68,1504,4
68,739,4
68,342,5
68,1110,5
74,1388,5
74,1019,5
74,415,5
74,1006,5
74,1479,5
74,1006,5
74,1479,5
74,529,5
74,1023,5
74,107,5
74,1023,5
74,1346,5
74,1505,5
74,1506,5
74,956,5
74,498,5
74,498,5
74,1506,5
24,544,5
24,1190,2
24,971,3
24,671,5
24,247,3
24,496,3
24,1129,4
24,663,5
24,181,3
24,1015,5
24,641,5
24,1422,4
24,268,3
24,627,5
24,472,4
24,1478,4
24,730,5
24,1507,3
24,908,5
24,978,4
24,1508,5
24,666,5
24,696,5
24,712,5
24,1509,5
24,655,5
24,598,5
24,648,4
24,534,5
24,548,5
24,700,4
24,607,5
24,627,5
24,239,5
24,205,5
24,1510,5
24,701,3
24,487,5
24,30,4
24,1312,3
24,1040,4
24,239,5
24,23,5
24,1448,5
24,67,5
24,834,5
24,1511,4
24,1507,3
24,1137,4
24,329,4
24,721,3
24,1287,3
24,1512,5
24,1120,5
24,467,5
24,655,5
24,484,4
24,1002,3
24,965,4
24,1431,5
24,1215,5
24,625,4
24,1513,5
24,703,5
24,472,4
24,1032,4
24,734,5
24,1514,5
24,1140,5
24,1509,5
24,658,5
24,1431,5
24,804,5
24,1430,4
24,1508,5
24,1478,4
24,1404,5
24,751,5
24,1515,5
24,696,5
24,1060,1
24,638,5
24,11,2
24,667,5
24,707,5
24,682,3
24,986,5
24,690,5
24,1162,4
24,638,5
24,1240,2
24,682,5
24,514,5
24,681,4
24,639,3
24,684,5
24,420,3
24,1509,5
23,229,5
23,762,5
23,1117,1
23,1206,1
23,1320,5
23,458,5
23,198,5
23,271,5
23,483,5
23,1088,5
23,1516,3
23,1517,4
23,1010,5
23,280,3
23,1369,4
23,1311,5
23,1074,5
23,485,5
23,1518,5
23,843,2
23,5,5
23,229,5
23,1486,5
23,200,5
23,837,2
23,223,5
23,893,5
23,1028,5
23,1338,5
23,624,4
23,377,3
23,1370,4
23,1519,5
23,1314,5
23,1520,5
23,211,5
23,1310,5
23,1521,5
23,1274,5
23,389,4
23,1206,1
23,441,4
23,280,3
23,1327,5
23,1318,5
23,1161,5
23,1161,5
23,377,3
23,120,5
23,441,4
23,999,4
23,458,5
23,829,5
23,465,5
23,1522,5
23,354,4
23,66,5
23,293,5
23,84,5
23,169,5
23,1322,5
23,1316,5
23,475,3
23,866,5
23,1320,5
23,1326,4
23,1523,5
23,175,1
23,486,5
23,439,5
23,228,5
23,120,5
23,1330,5
23,717,1
23,247,5
23,191,5
23,1304,5
23,840,5
23,1524,4
23,480,5
23,276,5
23,1315,5
23,1323,5
23,803,5
23,551,4
23,643,3
23,663,4
23,481,3
23,688,5
23,1329,5
23,1339,5
23,1039,4
23,426,4
23,1313,5
23,1088,5
23,447,5
23,120,5
23,444,5
23,1525,5
23,463,5
23,1327,5
23,881,4
23,253,3
23,1152,5
23,794,5
23,486,5
23,1524,4
23,1367,5
23,1367,5
23,590,5
23,106,5
23,1522,5
26,795,5
26,474,5
26,795,5
26,1134,5
26,1054,5
26,385,5
26,1279,5
26,874,5
26,1526,5
26,1134,5
26,1492,5
26,1506,5
26,1527,5
26,1343,4
26,1343,4
92,721,5
92,1519,5
92,974,4
92,1221,5
92,1528,5
92,366,4
92,1529,5
92,897,5
92,1528,5
92,472,5
92,993,5
92,1530,3
92,1095,4
92,1531,5
92,1393,5
92,264,5
92,1388,4
92,836,5
92,71,5
92,472,5
92,1532,5
92,1531,5
92,717,5
92,1394,5
92,1532,5
92,362,4
92,577,5
92,1449,3
92,707,5
92,1283,5
92,412,5
92,794,3
92,232,4
92,1263,4
92,549,5
92,1001,5
92,1195,5
92,1119,5
92,1462,4
92,1024,5
92,1528,5
92,405,5
92,922,5
92,1347,5
92,922,5
92,1237,5
92,86,5
92,71,5
92,188,5
92,1379,5
92,1533,4
92,1263,4
92,1531,5
92,1529,5
51,692,5
51,1138,5
51,101,5
51,629,5
51,1534,5
51,1021,5
51,1535,5
51,452,5
51,1536,5
51,88,4
51,629,5
51,56,4
51,178,5
51,1537,5
51,930,4
51,718,5
51,1538,5
51,417,5
51,1500,4
51,585,5
51,556,4
51,1539,5
51,529,5
51,1044,5
51,1019,5
51,21,1
51,184,5
51,735,4
51,870,5
51,332,5
51,21,1
51,1536,5
51,757,5
51,1271,5
51,33,5
51,1357,5
51,1032,5
51,332,5
51,718,5
51,1534,5
51,1539,5
51,1181,4
51,241,5
51,1537,5
51,124,5
51,490,4
51,1319,5
51,1537,5
51,1181,4
51,1535,5
51,1369,5
51,1109,5
51,1540,5
44,1541,5
44,1542,5
44,421,5
44,1543,5
44,1544,5
44,1468,5
44,228,4
44,69,5
44,128,5
44,117,5
44,150,5
44,344,5
44,176,1
44,479,5
44,232,5
44,1545,5
44,1546,5
44,294,5
44,1015,5
44,1547,5
44,1018,5
44,677,5
44,1547,5
44,1375,5
44,1051,5
44,1545,5
44,905,5
44,1544,5
44,1530,5
44,1544,5
44,1033,5
44,1548,5
44,1483,5
44,381,5
44,562,5
44,1549,5
44,1375,5
44,1546,5
44,1487,5
44,416,5
44,117,5
44,269,5
44,323,5
44,41,5
44,1547,5
44,1461,5
44,943,5
44,1483,5
44,1362,5
38,594,5
38,433,5
38,669,5
38,865,5
38,1512,5
38,355,5
38,793,5
38,641,5
38,925,5
38,904,5
38,230,4
38,298,4
38,762,5
38,346,5
38,762,5
38,6,5
38,1298,5
38,106,5
38,437,5
38,1550,5
38,922,5
38,884,5
38,728,4
38,669,5
38,306,5
38,1550,5
38,1551,5
38,470,5
38,327,3
38,1179,5
38,470,5
38,222,5
38,1228,5
38,885,5
38,412,5
38,272,5
38,1551,5
38,267,5
38,106,5
90,1266,5
90,1420,5
90,772,4
90,1296,5
90,772,4
90,1371,4
90,725,5
90,843,4
90,1177,4
90,1552,5
90,1177,4
90,1266,5
90,1553,5
90,370,5
90,527,5
90,484,4
90,1306,5
90,1489,5
90,1554,5
90,440,5
90,961,5
90,1268,5
90,1555,5
90,116,5
90,212,4
90,1553,5
90,562,4
90,1556,5
90,399,3
90,1225,5
90,1356,5
90,837,5
90,643,4
90,837,5
90,554,5
90,346,5
90,961,5
90,650,3
90,1456,5
90,1296,5
90,92,4
90,542,5
90,1557,5
90,228,5
90,437,4
90,1384,5
90,913,5
90,1116,5
90,913,5
90,1558,5
90,1013,5
90,1272,5
90,370,5
90,863,2
90,855,5
90,1559,4
90,109,5
90,200,5
90,1456,5
90,1515,5
90,1372,5
90,1268,5
90,1060,4
88,664,5
88,972,5
88,1396,5
88,1560,4
88,1561,4
88,761,5
88,1413,5
88,87,5
88,1162,1
88,113,5
88,1218,4
88,1514,1
88,1041,5
88,1562,5
88,381,2
88,1560,4
88,1514,1
88,1563,4
88,1564,5
88,1562,5
88,688,5
88,1565,5
88,1458,5
88,1566,5
88,1458,5
88,1567,5
88,31,5
88,58,5
88,921,3
88,1568,4
88,1101,5
88,753,5
88,1216,4
88,915,3
88,839,5
88,1569,5
88,1256,5
88,297,5
88,297,5
88,1560,4
88,1564,5
88,1067,5
88,1561,4
88,858,5
88,915,3
88,53,5
88,119,5
88,1568,4
88,839,5
88,176,5
88,381,2
88,176,5
88,31,5
88,784,5
88,1067,5
88,332,5
88,297,5
88,567,5
88,748,5
88,592,5
88,1569,5
88,769,5
88,639,1
88,1396,5
88,33,5
88,1564,5
88,356,5
88,1569,5
88,592,5
27,1570,5
27,739,5
27,350,5
27,56,4
27,424,5
27,1532,5
27,699,4
27,1004,5
27,1049,4
27,624,4
27,633,5
27,1066,5
27,412,5
27,1044,2
27,884,5
27,71,4
27,1543,4
27,53,5
27,1230,4
27,1543,4
27,971,4
27,1571,5
27,1441,5
27,713,4
27,1309,5
27,529,5
27,26,5
27,1186,5
27,877,5
27,390,5
27,1441,5
27,244,5
27,1572,5
27,639,4
27,1049,4
27,1546,4
27,33,5
27,1378,5
27,602,5
27,60,5
27,989,5
27,26,5
27,1182,5
27,749,5
27,529,5
27,244,5
27,1025,5
27,806,5
27,218,5
27,650,5
27,1572,5
27,667,5
10,724,5
10,876,5
10,1573,5
10,1333,5
10,897,5
10,1573,5
10,793,5
10,85,5
10,415,5
10,1529,5
10,905,5
10,406,5
10,1574,5
10,473,5
10,1575,5
10,1576,5
10,378,5
10,507,5
10,1517,5
10,766,5
10,193,5
10,1164,5
10,1443,5
10,33,5
10,1248,4
10,1207,5
10,1065,5
10,971,5
10,1440,5
10,1443,5
10,1333,5
10,1573,5
10,920,5
10,66,5
10,537,5
10,176,5
10,1273,5
10,897,4
10,209,5
10,1071,5
10,793,5
6,476,5
6,978,5
6,292,5
6,796,5
6,758,4
6,80,5
6,1552,5
6,676,5
6,885,5
6,231,4
6,451,5
6,260,5
6,1566,5
6,1552,5
6,1577,5
6,343,5
6,15,5
6,922,2
6,1578,4
6,440,3
6,1143,5
6,249,5
6,1579,5
6,42,5
6,1473,5
6,1580,5
6,506,5
6,335,4
6,251,4
6,53,5
6,1152,5
6,701,4
6,1188,5
6,1407,4
6,911,5
6,23,5
6,774,4
6,1023,5
6,1437,4
6,1421,5
6,523,5
6,323,5
6,833,2
6,133,5
6,569,5
6,134,4
6,99,3
6,259,5
6,834,4
6,1121,5
6,286,4
6,1504,5
6,1581,5
6,746,4
6,1545,5
6,1582,4
6,1390,5
53,327,5
53,868,5
53,1565,5
53,1583,5
53,1263,5
53,114,4
53,44,5
53,1584,3
53,384,5
53,100,5
53,164,5
53,139,5
53,856,5
53,1263,5
53,1238,5
53,723,5
53,98,5
53,1507,5
53,1583,5
53,968,5
53,825,3
53,439,2
53,650,5
53,293,5
53,698,4
53,1520,5
53,11,5
53,1261,5
53,83,5
53,1585,4
53,1184,5
53,1565,5
53,85,5
53,98,5
53,1584,3
53,255,5
53,856,5
53,1425,5
53,1102,5
53,1091,5
53,825,3
53,210,5
53,1387,5
53,858,5
53,106,5
53,750,5
53,1102,5
53,795,4
53,1304,5
53,300,5
53,567,5
53,1316,4
53,116,5
53,139,5
53,1202,5
53,110,5
53,198,5
53,716,5
53,44,5
53,1176,4
53,1586,5
53,114,4
53,1176,4
53,1234,4
53,100,5
53,968,5
53,1413,5
53,1587,5
53,111,5
53,1588,5
53,1589,5
9,980,5
9,555,4
9,314,5
9,924,5
9,960,5
9,23,5
9,116,5
9,1317,5
9,462,5
9,77,5
9,1164,5
9,1302,5
9,728,5
9,1419,5
9,1357,5
9,1219,4
9,256,5
9,1590,5
9,1591,5
9,1419,5
9,189,4
9,846,5
9,84,5
9,278,5
9,1340,5
9,259,5
9,300,3
9,1080,5
9,633,5
9,295,5
9,53,4
9,369,5
9,937,5
9,587,5
9,1592,5
9,1114,4
9,368,5
9,232,5
9,338,5
9,765,5
9,448,5
9,471,5
9,816,5
9,44,5
9,1212,5
9,369,5
9,1213,5
9,91,5
9,384,4
9,675,5
9,1351,5
9,1285,5
9,346,5
9,548,5
9,1114,4
9,1505,5
9,11,5
9,713,5
9,833,5
9,246,5
9,1127,5
9,555,4
20,723,5
20,93,3
20,545,4
20,431,4
20,28,5
20,646,5
20,702,4
20,850,5
20,1504,5
20,539,5
20,1490,5
20,1578,5
20,159,5
20,38,5
20,1323,5
20,169,4
20,1439,5
20,1593,5
20,85,5
20,1594,5
20,1461,5
20,1567,5
20,847,5
20,633,5
20,1425,5
20,1137,5
20,85,5
20,1291,4
20,35,5
20,1412,4
20,1567,5
20,287,5
20,1392,3
20,1403,5
20,560,4
20,780,4
20,833,5
20,588,5
20,1096,5
20,325,5
20,514,5
20,1595,5
20,181,5
20,1596,5
20,791,5
20,1597,5
20,235,5
20,1118,4
20,156,5
20,1598,4
20,1219,5
20,1593,5
20,1116,5
20,1469,5
20,1513,5
20,23,5
20,1599,5
20,144,5
20,0,4
20,544,5
20,626,5
20,236,5
20,235,5
20,919,5
20,885,4
20,670,5
20,1600,5
20,933,4
20,173,5
34,662,4
34,1282,5
34,44,4
34,454,4
34,240,4
34,323,5
34,130,5
34,289,4
34,1035,4
34,828,3
34,1225,5
34,1466,1
34,1523,4
34,692,5
34,620,5
34,912,5
34,88,3
34,226,5
34,35,4
34,1117,5
34,65,4
34,1550,5
34,246,4
34,1383,5
34,1276,2
34,106,4
34,1321,5
34,1464,4
34,866,4
34,1471,5
34,1601,5
34,607,5
34,107,4
34,1014,5
34,64,4
34,1117,5
34,1467,5
34,266,4
34,281,5
34,894,5
34,323,5
34,100,5
34,302,5
34,1035,4
34,1602,4
34,757,1
34,440,1
34,1601,5
34,40,5
34,1000,4
34,1220,5
34,1411,5
34,311,5
34,711,4
34,1035,4
34,219,4
34,907,5
34,358,5
34,643,5
34,1126,3
34,1432,1
34,1403,4
34,1551,5
34,1603,4
34,900,4
34,305,5
34,1604,5
34,371,1
34,27,3
34,1140,1
34,479,5
34,1605,5
34,773,5
34,1021,5
34,165,1
34,1180,5
89,1606,5
89,1451,5
89,768,5
89,1601,4
89,1274,5
89,654,5
89,155,4
89,76,5
89,184,5
89,161,5
89,1580,5
89,660,5
89,1139,4
89,1516,5
89,1581,5
89,1607,5
89,1580,5
89,1157,5
89,275,5
89,768,5
89,566,3
89,345,5
89,268,5
89,1608,2
89,1609,4
89,1610,5
89,1429,5
89,260,5
89,1157,5
89,649,4
89,1412,3
89,850,5
89,1261,4
89,1387,2
89,1611,5
89,1097,4
89,20,5
89,1608,2
89,614,5
89,1465,5
89,1081,5
89,1293,5
89,1612,5
89,1157,5
89,1395,5
89,1035,1
89,1607,5
89,1523,4
89,926,5
89,1261,4
89,118,5
89,1534,3
89,1465,5
89,1597,5
89,1600,5
89,1613,5
89,298,5
89,88,5
89,1093,4
89,365,5
89,1607,5
89,1614,5
89,1471,5
89,833,5
89,1511,5
89,1615,5
89,37,2
89,1083,4
89,956,5
89,1616,5
89,828,4
89,1451,5
89,1611,5
89,1617,2
89,969,1
89,1217,5
89,1581,5
89,260,5
89,806,5
89,695,5
89,433,5
89,1608,2
89,1515,5
89,933,5
89,857,5
89,1090,5
89,1291,1
89,150,5
89,426,5
89,802,2
89,1618,5
89,327,5
89,94,4
89,327,5
89,1132,5
89,614,5
89,1619,5
89,107,5
89,161,5
89,1609,4
89,1601,4
89,1291,1
89,795,5
89,1597,5
89,691,5
89,1615,5
89,268,5
89,1583,5
89,1260,5
89,1613,5
89,1616,5
89,161,5
89,1600,5
89,722,5
89,1617,2
89,1395,5
89,241,5
89,1619,5
89,1619,5
89,1599,5
89,1002,2
89,35,5
89,118,5
89,1306,5
77,1587,5
77,1261,5
77,1483,5
77,1243,1
77,932,5
77,1067,4
77,1609,5
77,1620,4
77,285,4
77,273,5
77,208,5
77,833,5
77,1613,1
77,1067,4
77,723,5
77,1083,5
77,643,5
77,1240,3
77,88,5
77,227,5
77,1020,5
77,1587,5
77,933,5
77,1594,5
77,325,5
77,711,5
77,1020,5
77,1599,5
77,951,5
77,227,5
77,1620,4
77,1500,3
77,872,4
77,1260,5
77,31,5
77,1615,5
77,79,5
77,1611,5
77,66,5
77,1117,5
77,278,5
77,79,5
77,1614,4
77,1321,5
77,633,1
77,894,5
77,1621,5
77,1117,5
77,1612,5
77,1614,4
77,857,5
77,1598,4
77,1622,5
77,1597,4
77,379,1
77,1085,4
77,1595,5
77,303,5
77,1621,5
77,192,5
77,1241,5
77,1402,5
77,1621,5
77,1363,5
77,1044,5
77,325,5
77,1348,5
77,232,5
77,1374,2
77,1606,5
77,956,5
77,90,5
77,1240,3
77,397,5
77,809,4
77,63,5
77,149,5
77,1597,5
77,1481,5
77,1140,5
77,189,5
77,603,5
77,1190,5
77,1085,4
77,1481,5
77,1101,4
77,63,5
77,1525,5
77,13,5
30,640,5
30,685,5
30,1312,4
30,1301,5
30,1430,5
30,659,5
30,349,5
30,704,5
30,1503,5
30,1623,4
30,33,5
30,1108,4
30,661,5
30,1417,5
30,700,5
30,1409,5
30,672,5
30,1510,4
30,620,4
30,603,5
30,599,4
30,1480,4
30,234,4
30,1064,3
30,484,5
30,1156,5
30,847,4
30,1493,4
30,93,5
30,1031,3
30,438,4
30,32,5
30,1563,5
30,464,5
30,1624,5
30,418,5
30,332,3
30,31,5
30,653,5
30,1312,4
30,1480,4
30,433,5
30,672,5
30,1625,5
30,632,5
30,1510,4
30,715,5
30,1415,4
30,149,5
30,710,4
30,214,1
30,18,2
30,597,5
30,706,2
30,1056,5
30,1301,5
30,1415,4
30,963,5
30,49,3
30,616,5
30,1344,5
30,814,5
30,75,4
30,730,5
30,997,4
30,657,5
30,1204,5
30,342,5
30,25,1
30,652,3
30,1348,3
30,802,5
30,1605,4
30,1625,5
30,1116,4
30,18,2
30,38,3
30,597,5
30,464,5
30,131,4
30,618,5
30,1493,4
30,606,5
30,699,2
30,997,4
30,438,3
30,1312,4
30,601,5
30,804,4
30,699,2
30,1243,1
30,895,5
30,1413,4
30,1106,5
30,1305,5
30,60,5
46,1598,5
46,123,5
46,670,5
46,1512,5
46,906,5
46,1556,5
46,103,5
46,1277,5
46,1391,5
46,1157,5
46,1616,5
46,484,5
46,338,5
46,1582,5
46,395,4
46,988,5
46,1626,4
46,477,4
46,23,5
46,535,4
46,228,5
46,358,5
46,1414,5
46,1217,5
46,1594,5
46,430,4
46,1112,5
46,633,1
46,1599,5
46,7,4
46,1599,5
46,85,5
46,451,5
46,1593,5
46,620,5
46,1626,5
46,1362,5
46,831,4
46,670,5
46,695,5
46,686,5
46,1556,5
46,1132,5
46,108,5
46,85,5
46,753,5
46,1425,5
46,476,5
46,850,5
46,1264,2
46,106,5
46,855,5
46,1620,4
46,436,5
46,1225,5
46,1143,5
46,1558,5
46,1141,5
46,667,5
46,1324,4
46,1582,5
46,1225,5
46,1044,5
46,686,5
46,1220,5
46,947,5
46,169,5
46,1141,5
46,1198,5
46,1413,5
46,352,5
46,1274,5
46,167,5
46,1414,5
46,1293,4
46,514,5
70,185,4
70,119,2
70,1623,3
70,329,5
70,898,5
70,948,5
70,477,4
70,437,5
70,119,4
70,432,5
70,273,5
70,1627,4
70,948,5
70,321,5
70,734,5
70,724,5
70,159,3
70,160,4
70,1166,5
70,1246,1
70,456,1
70,555,3
70,357,4
70,308,1
70,1617,1
70,701,2
70,1557,5
70,910,4
70,787,5
70,751,5
70,729,5
70,1257,3
70,358,3
70,1498,2
70,445,4
70,1362,5
70,1362,5
70,1628,5
70,1010,5
70,1624,5
70,1511,5
70,755,4
70,1595,5
70,523,3
70,1404,5
70,1628,5
70,358,3
70,747,5
70,1359,4
70,1331,2
70,1628,5
70,1629,5
70,863,5
70,1113,3
70,1211,5
70,1364,4
70,736,3
70,637,5
70,18,2
70,1003,5
70,756,3
70,801,4
70,733,5
70,746,4
70,127,5
70,1570,3
70,1275,5
70,1228,4
70,173,4
70,863,5
70,1364,4
70,191,5
70,1624,5
70,1115,5
70,529,5
70,751,5
70,323,1
70,93,5
70,637,5
57,1168,5
57,196,4
57,1566,4
57,1630,5
57,1186,5
57,1630,5
57,1631,5
57,334,5
57,244,1
57,1276,5
57,21,5
57,908,5
57,1376,4
57,1631,5
57,633,4
57,888,5
57,736,4
57,1563,5
57,763,5
57,1000,5
57,33,5
57,1185,4
57,1185,4
57,619,5
57,720,5
57,1168,5
57,1249,5
57,1535,5
57,1632,5
57,1520,4
57,1631,5
57,143,5
57,396,5
57,1630,5
57,1536,5
57,793,5
57,1632,5
57,1376,4
57,1186,5
57,326,3
57,888,5
57,1632,5
57,1276,5
69,1633,3
69,1634,5
69,1493,3
69,79,5
69,1568,5
69,170,5
69,1554,5
69,106,5
69,417,5
69,420,5
69,91,5
69,1635,5
69,1636,1
69,77,4
69,1635,5
69,33,5
69,33,5
69,885,5
69,467,5
69,71,5
69,1633,3
69,1637,5
69,977,5
69,413,5
69,28,5
69,4,4
69,1521,5
69,3,5
69,1029,5
69,1633,3
69,918,5
69,970,4
69,1637,5
69,1638,3
69,4,4
69,68,5
69,1637,5
69,713,5
69,417,5
69,13,4
69,376,5
69,23,5
69,1365,5
69,206,5
69,1442,5
69,1066,5
69,33,5
69,715,5
69,424,4
69,1111,5
69,1636,1
69,753,3
69,43,5
69,1553,5
69,1550,4
69,844,5
69,43,5
69,936,5
69,1636,1
69,1638,3
69,918,5
69,33,5
69,401,4
69,346,5
69,970,4
69,1634,5
69,664,4
69,1639,5
69,170,5
69,1464,4
69,849,5
69,1374,4
65,1563,3
65,620,5
65,1613,5
65,1629,5
65,1039,5
65,400,5
65,959,4
65,1055,5
65,247,5
65,831,4
65,443,5
65,1526,5
65,1309,5
65,765,5
65,1629,5
65,1640,3
65,1641,5
65,1468,5
65,1204,5
65,1342,3
65,1454,5
65,1494,5
65,57,5
65,1297,5
65,1641,5
65,1055,5
65,1642,5
65,1505,5
65,1485,5
65,1302,5
65,502,5
65,1465,5
65,1494,5
65,1096,5
65,1179,5
65,1465,5
65,71,5
65,1290,5
65,443,5
65,1640,3
65,1054,5
65,1013,5
65,865,5
65,1642,5
37,1549,5
37,914,5
37,1206,5
37,714,4
37,220,5
37,618,5
37,85,4
37,236,5
37,811,5
37,1341,3
37,1502,5
37,114,5
37,1584,5
37,1533,1
37,182,4
37,1490,5
37,533,5
37,598,5
37,897,5
37,434,5
37,598,5
37,71,5
37,1201,5
37,92,5
37,428,5
37,547,5
37,1499,2
37,961,5
37,1283,5
37,811,5
37,85,4
37,358,5
37,1498,5
37,1047,4
37,1541,5
37,1379,4
37,1287,5
37,785,4
37,599,1
37,1241,5
37,674,3
37,907,3
37,1101,5
37,1453,5
37,677,5
37,1365,5
37,559,4
37,1101,5
37,220,5
37,946,5
37,182,4
37,1206,5
37,1329,4
37,1283,5
37,1585,4
37,1533,1
37,680,5
37,1549,5
37,1502,5
37,1053,5
37,299,5
37,814,4
37,1628,5
37,1585,4
37,680,5
37,1460,4
37,622,5
37,226,5
37,1558,4
37,393,4
37,1555,4
37,28,4
37,1517,5
37,912,5
37,450,4
37,72,4
37,1541,5
73,1455,5
73,963,5
73,19,3
73,422,5
73,586,4
73,1592,5
73,555,3
73,1477,5
73,1416,4
73,1588,5
73,555,3
73,636,5
73,339,4
73,1643,5
73,584,5
73,813,5
73,1498,5
73,1455,3
73,1088,3
73,1224,4
73,906,5
73,1211,5
73,643,5
73,462,5
73,579,3
73,879,5
73,1482,5
73,955,5
73,1643,5
73,1643,5
73,1572,5
73,573,4
73,955,5
73,1382,5
73,752,4
73,922,5
73,1211,5
73,134,5
73,1139,5
73,664,5
73,1205,5
73,1426,5
73,1224,4
73,488,4
73,1371,5
73,1474,5
73,904,5
73,1292,5
73,19,3
73,1093,1
73,168,5
73,664,5
73,1292,5
73,1452,5
73,1385,5
73,813,5
39,66,4
39,216,2
39,264,5
39,459,5
39,702,5
39,455,3
39,203,5
39,209,5
39,1644,5
39,1521,5
39,87,5
39,1539,5
39,1521,5
39,1518,4
39,1576,4
39,1322,4
39,859,5
39,901,5
39,468,5
39,1275,5
39,1340,5
39,1317,5
39,1325,5
39,337,2
39,207,5
39,435,4
39,431,3
39,225,5
39,1644,5
39,1362,4
39,1330,5
39,914,5
39,470,5
39,1247,4
39,35,5
39,634,5
39,889,5
39,291,4
39,1645,4
39,1339,5
39,1590,5
39,1334,5
39,1314,5
39,560,5
39,469,4
39,1278,5
39,1324,4
39,1362,4
39,1565,5
39,203,5
39,440,5
39,1538,5
39,431,3
39,457,5
39,1265,5
39,469,4
39,329,5
39,435,4
39,291,4
39,1172,4
39,1518,4
39,1542,5
39,1412,5
39,1187,5
39,476,5
39,202,4
39,1590,5
39,1249,5
39,827,5
39,92,5
39,604,5
39,1326,4
39,1524,5
39,452,5
39,960,5
39,132,4
39,1337,5
39,1028,5
39,1472,3
39,1336,5
39,1311,5
39,470,5
39,1310,5
39,1335,4
39,1319,5
39,486,5
39,228,5
39,1318,5
39,1307,5
39,534,5
39,1519,5
39,663,5
39,1351,5
39,202,4
39,838,5
39,1003,5
39,867,3
39,840,5
3,720,4
3,83,5
3,910,5
3,1233,5
3,1240,5
3,436,4
3,175,5
3,643,5
3,246,5
3,502,5
3,590,5
3,293,5
3,448,5
3,1420,1
3,1138,5
3,1187,5
3,5,5
3,1646,5
3,803,5
3,1138,4
3,454,5
3,112,5
3,495,5
3,582,5
3,424,5
3,1353,5
3,889,5
3,1370,5
3,737,5
3,69,5
3,253,3
3,461,5
3,734,4
3,954,4
3,1195,4
3,328,5
3,918,5
3,861,4
3,1383,5
3,442,4
3,281,2
3,1448,5
3,1644,5
3,271,5
3,1019,5
3,738,5
3,1542,5
3,1331,5
3,871,5
3,643,5
3,1562,5
3,683,5
3,1384,5
3,457,5
3,1030,5
3,1161,5
3,901,5
3,281,2
3,560,5
3,1353,5
3,1138,4
3,1338,5
3,453,5
3,257,5
3,56,4
3,579,4
3,207,5
3,1069,5
3,1235,5
3,587,5
3,863,5
3,570,4
3,579,5
3,740,5
2,1214,5
2,332,5
2,216,5
2,1360,5
2,1063,5
2,382,5
2,411,5
2,1392,4
2,1230,5
2,1040,5
2,1635,5
2,987,5
2,1202,5
2,1453,5
2,1051,5
2,1332,5
2,1373,5
2,801,5
2,1052,5
2,408,5
2,860,4
2,59,5
2,1033,5
2,1433,5
2,206,5
2,1270,5
2,1647,5
2,276,5
2,1588,5
2,37,5
2,790,5
2,770,5
2,1517,5
2,1063,5
2,1358,5
2,1042,5
2,771,5
2,498,5
2,1211,5
2,1465,5
2,473,5
2,53,5
75,1051,5
75,454,5
75,1571,4
75,827,5
75,1361,5
75,1355,4
75,1540,4
75,1284,4
75,1140,5
75,1154,5
75,1091,5
75,1648,5
75,108,5
75,327,5
75,1044,5
75,356,5
75,1236,5
75,214,3
75,454,5
75,113,5
75,360,5
75,429,5
75,1165,4
75,1496,4
75,1143,5
75,332,5
75,663,3
75,1496,4
75,1555,5
75,69,5
75,29,5
75,811,5
75,1281,5
75,1279,5
75,1574,4
75,1498,5
75,1571,4
75,44,5
75,19,5
75,1648,5
75,1625,5
75,1281,5
75,742,5
75,1155,5
75,1044,5
75,742,5
75,121,4
75,1254,4
75,370,4
75,386,5
75,1361,5
75,794,3
75,830,5
75,1574,4
75,929,5
75,787,5
75,767,5
75,929,5
75,205,5
75,201,5
31,357,5
31,433,5
31,1649,4
31,53,5
31,1368,5
31,1586,4
31,1465,5
31,880,5
31,1212,5
31,778,5
31,331,5
31,778,5
31,388,5
31,433,5
31,947,5
31,620,5
31,1639,5
31,1368,5
31,1650,4
31,427,5
31,797,5
31,957,3
31,1646,5
31,1646,5
31,1649,4
31,255,1
31,1463,5
31,355,5
31,775,5
31,1554,5
31,1554,5
31,1517,5
31,48,5
31,1651,5
31,1499,5
31,83,4
31,924,5
31,1393,5
31,688,4
31,1640,5
31,633,5
31,1650,4
31,162,5
31,796,5
31,1227,5
31,1651,5
31,68,5
31,957,3
31,1554,5
31,357,5
31,957,3
31,1639,5
31,395,5
31,1650,4
31,68,5
31,1586,4
31,1465,5
31,577,5
31,665,1
31,1651,5
31,745,5
31,775,5
48,1579,5
48,1652,3
48,1180,5
48,602,5
48,1559,5
48,293,5
48,1046,5
48,895,4
48,522,5
48,710,5
48,111,5
48,1135,5
48,1610,5
48,1591,5
48,1267,5
48,1503,5
48,1158,5
48,228,5
48,999,5
48,1652,3
48,1653,4
48,999,5
48,1654,5
48,439,4
48,1622,5
48,1454,5
48,1035,4
48,1591,5
48,1233,4
48,1407,5
48,1402,5
48,1433,1
48,1655,5
48,1626,5
48,125,5
48,1097,5
48,1645,5
48,975,5
48,999,5
48,1154,5
48,723,5
48,489,5
48,506,4
48,1080,5
48,1449,5
48,45,5
48,1501,5
48,92,5
48,1027,5
48,1654,5
48,61,5
48,1402,5
48,1654,5
48,330,5
48,61,5
48,723,5
48,1267,5
48,508,5
48,1229,5
48,1487,5
48,877,5
48,1627,3
48,1420,5
48,1559,5
48,1109,5
48,1135,5
48,177,3
48,602,5
48,316,5
48,525,5
48,192,5
48,801,5
48,1205,4
48,743,5
48,1606,5
48,1061,5
48,1645,5
48,1501,5
48,439,4
48,45,5
48,1226,5
48,1460,5
48,321,5
48,533,5
48,612,5
48,1579,5
48,1178,5
48,650,5
48,1596,5
48,1402,5
19,1414,4
19,735,4
19,1656,5
19,1548,5
19,792,5
19,1656,5
19,1193,4
19,358,5
19,1344,5
19,1657,5
19,1408,5
19,1658,5
19,1559,5
19,1523,5
19,713,5
19,382,5
19,213,5
19,205,5
19,668,5
19,11,4
19,1588,4
19,1657,5
19,25,5
19,1659,4
19,1470,5
19,205,5
19,931,5
19,1659,4
19,1596,4
19,591,5
19,790,4
19,1525,5
19,697,5
19,1658,5
19,1660,5
19,1657,5
19,776,5
19,1193,5
19,43,5
19,1062,5
19,943,5
19,1658,5
19,1043,5
19,591,5
19,1659,4
19,489,5
19,1012,5
19,474,5
19,931,5
19,1495,5
19,1660,5
19,1488,5
19,1164,5
19,525,5
19,584,4
19,1656,5
19,790,4
19,411,5
19,1548,5
19,1638,4
19,1492,5
19,539,4
19,1336,5
19,1012,5
19,1596,4
19,1570,4
19,829,5
19,358,5
19,776,5
19,1414,4
19,1495,5
35,1557,5
35,1206,5
35,361,3
35,1513,5
35,1040,5
35,119,4
35,988,4
35,1610,5
35,395,5
35,166,5
35,361,3
35,1345,3
35,1592,5
35,1124,5
35,1010,5
35,560,5
35,812,4
35,1578,4
35,1118,4
35,5,5
35,143,5
35,835,4
35,1040,4
35,371,4
35,1557,5
35,892,4
35,395,5
35,1379,5
35,169,3
35,214,5
35,322,3
35,33,2
35,1178,5
35,1642,5
35,1592,5
35,1345,3
35,169,3
35,1010,5
35,1379,5
35,476,4
35,33,2
35,1155,5
35,476,4
35,811,5
35,881,5
35,1513,5
35,1366,2
35,502,2
35,137,2
35,1366,2
35,330,5
35,1253,5
35,379,3
35,29,5
35,143,5
35,793,5
35,479,1
35,1530,4
35,44,5
35,102,5
35,169,3
35,1576,4
35,1253,5
35,1381,5
35,1239,4
35,1002,2
35,1385,4
35,309,3
35,1641,5
35,1605,5
35,781,5
29,1098,5
29,723,5
29,1653,5
29,1198,5
29,1622,5
29,1255,5
29,1255,5
29,1351,5
29,1392,5
29,732,5
29,753,5
29,801,5
29,102,5
29,1211,5
29,24,5
29,535,4
29,1653,5
29,1648,5
29,204,5
29,1649,4
29,72,5
29,433,5
29,975,5
29,1508,5
29,1655,4
29,1627,5
29,189,4
29,373,5
29,1655,4
29,541,5
29,890,5
29,1027,5
29,1540,4
29,541,5
29,24,5
29,987,5
29,664,4
29,1522,4
29,410,4
29,1248,5
29,1098,5
29,233,3
29,1233,2
29,813,5
29,692,5
29,567,5
29,1127,5
29,530,5
29,935,5
29,1622,5
29,1,5
29,373,5
29,1652,5
29,1198,4
29,602,5
29,449,4
29,1442,5
29,811,4
29,449,4
29,1205,5
29,162,5
29,736,5
29,591,5
29,136,5
29,106,4
29,1508,5
29,975,5
29,620,5
29,844,5
29,23,5
29,999,5
29,1211,5
29,620,5
29,1392,5
29,199,5
29,811,4
29,599,5
29,567,5
32,774,4
32,84,4
32,1450,5
32,992,5
32,602,5
32,1029,5
32,207,3
32,160,5
32,1589,5
32,404,5
32,1410,5
32,1538,5
32,1484,3
32,1493,4
32,196,4
32,1348,5
32,1450,5
32,1603,4
32,1459,5
32,1160,4
32,882,3
32,292,4
32,1252,5
32,18,5
32,133,5
32,1413,5
32,0,5
32,466,5
32,609,5
32,375,5
32,1459,5
32,1401,4
32,1348,5
32,343,4
32,1660,5
32,1589,5
32,1428,5
32,92,4
32,1428,5
32,1575,5
32,404,5
32,996,5
32,17,5
32,736,3
32,1484,3
32,1103,5
32,1603,4
32,5,5
32,890,4
32,1493,5
32,174,5
32,775,5
32,1167,5
32,895,5
32,1577,5
32,1610,5
32,150,4
32,1484,3
32,535,5
32,174,5
32,1406,4
32,1634,1
32,1389,5
32,99,1
32,1167,5
32,643,4
32,268,5
32,1189,5
32,1602,5
32,996,5
32,550,4
32,1577,5
32,1602,5
32,1575,5
32,375,5
32,973,4
32,1406,4
32,650,3
32,1410,5
32,439,5
32,1046,4
12,302,5
12,88,5
12,51,5
12,642,4
12,1612,5
12,819,5
12,357,5
12,23,5
12,714,1
12,1623,2
12,1618,5
12,963,5
12,1346,5
12,1282,4
12,640,5
12,396,5
12,392,4
12,671,5
12,149,5
12,1153,5
12,460,5
12,659,5
12,1400,2
12,59,4
12,1057,1
12,711,5
12,1116,5
12,1175,5
12,597,5
12,214,4
12,1489,5
12,705,4
12,662,5
12,1104,5
12,1618,5
12,393,5
12,1285,5
12,928,5
12,1222,5
12,1625,5
12,649,4
12,228,5
12,1095,5
12,1155,5
12,656,5
12,215,4
12,404,5
12,1137,5
12,595,4
12,416,5
12,541,3
12,1391,5
12,1342,5
12,729,4
12,1035,5
12,1042,5
12,1430,4
12,215,4
12,1113,3
12,205,5
12,903,5
12,648,5
12,1516,5
12,1164,5
12,886,5
12,1561,5
12,1510,4
12,841,1
12,1404,5
12,484,4
12,1422,5
12,1182,5
12,1153,5
12,534,4
12,605,5
12,593,3
12,950,5
50,683,5
50,1527,5
50,1210,5
50,249,5
50,1485,5
50,1485,5
50,756,5
50,1119,4
50,1604,5
50,195,5
50,644,5
50,452,5
50,1604,5
50,126,5
50,1409,5
50,126,5
50,1445,5
50,417,5
50,447,5
50,1661,3
50,1497,4
50,447,5
50,1027,4
50,766,5
50,1129,5
50,633,5
50,1647,5
50,1010,5
50,936,5
50,1497,4
50,1526,5
50,1399,5
50,876,5
50,1409,5
50,936,5
50,646,4
50,13,5
50,151,5
50,1399,5
50,1166,5
50,1445,5
50,982,4
50,1082,5
50,996,4
50,176,4
50,491,4
50,1099,5
50,53,5
50,1527,5
50,480,5
50,1661,3
50,8,4
50,1647,5
50,766,5
50,1129,5
50,1661,3
17,1664,5
53,1664,5
5,1664,5
7,1664,1
1,1664,1
